depth_label,macro_corr,macro_snr_db,test_loss
deep,0.8141574473816854,5.758190552243033,0.18400860283253848
shallow,0.695408295985022,3.296052858308405,0.2841698924471935
