depth_label,macro_corr,macro_snr_db,test_loss
deep,0.8141574473816854,5.758190552243033,0.18400860283253848
shallow,0.6927041266744391,3.2578231118106786,0.28634204566965693
