depth_label,macro_corr,macro_snr_db,test_loss
deep,0.8133050270401385,5.763815945952161,0.18492808720555856
shallow,0.7051449116558038,3.4739729682112195,0.27698959328062916
